1,1,2,0.18727
2,1,2,0.18834
3,1,2,0.19526
4,1,2,0.20261
5,1,2,0.1775
6,1,2,0.22407
7,1,2,0.21108
8,1,2,0.15214
9,1,2,0.12367
10,1,2,0.19011
11,1,2,0.1711
12,1,2,0.1399
13,1,2,0.14717
14,1,2,0.14451
15,1,2,0.15582
16,1,2,0.13287
17,1,2,0.26399
18,1,2,0.11714
19,1,2,0.065941
20,1,2,0.18989
21,1,2,0.15357
22,1,2,0.13354
23,1,2,0.16607
24,1,2,0.36359
1,1,3,0.13651
2,1,3,0.13534
3,1,3,0.11883
4,1,3,0.129
5,1,3,0.13069
6,1,3,0.14102
7,1,3,0.13351
8,1,3,0.096805
9,1,3,0.089415
10,1,3,0.12925
11,1,3,0.11008
12,1,3,0.11437
13,1,3,0.1097
14,1,3,0.10597
15,1,3,0.1085
16,1,3,0.099507
17,1,3,0.20379
18,1,3,0.094784
19,1,3,0.077906
20,1,3,0.12142
21,1,3,0.097707
22,1,3,0.095818
23,1,3,0.11691
24,1,3,0.13583
1,1,4,0.11891
2,1,4,0.11573
3,1,4,0.10019
4,1,4,0.10974
5,1,4,0.13169
6,1,4,0.11994
7,1,4,0.12002
8,1,4,0.083387
9,1,4,0.081086
10,1,4,0.11664
11,1,4,0.09444
12,1,4,0.1013
13,1,4,0.098961
14,1,4,0.09603
15,1,4,0.093382
16,1,4,0.089263
17,1,4,0.18692
18,1,4,0.097793
19,1,4,0.091386
20,1,4,0.10721
21,1,4,0.081844
22,1,4,0.08367
23,1,4,0.098901
24,1,4,0.11283
1,1,5,0.10708
2,1,5,0.10972
3,1,5,0.095349
4,1,5,0.10125
5,1,5,0.13241
6,1,5,0.11575
7,1,5,0.11518
8,1,5,0.07593
9,1,5,0.072618
10,1,5,0.10767
11,1,5,0.088996
12,1,5,0.095848
13,1,5,0.08861
14,1,5,0.08808
15,1,5,0.08932
16,1,5,0.08011
17,1,5,0.18484
18,1,5,0.1031
19,1,5,0.090292
20,1,5,0.095733
21,1,5,0.074504
22,1,5,0.078093
23,1,5,0.089784
24,1,5,0.13106
1,1,6,0.10228
2,1,6,0.11921
3,1,6,0.098194
4,1,6,0.097746
5,1,6,0.13988
6,1,6,0.11596
7,1,6,0.12283
8,1,6,0.068945
9,1,6,0.071175
10,1,6,0.10034
11,1,6,0.082226
12,1,6,0.092261
13,1,6,0.079782
14,1,6,0.078992
15,1,6,0.089822
16,1,6,0.073046
17,1,6,0.19214
18,1,6,0.11275
19,1,6,0.097743
20,1,6,0.088149
21,1,6,0.071415
22,1,6,0.075413
23,1,6,0.088439
24,1,6,0.13889
1,1,7,0.10467
2,1,7,0.15466
3,1,7,0.10346
4,1,7,0.11361
5,1,7,0.16514
6,1,7,0.12805
7,1,7,0.14271
8,1,7,0.058818
9,1,7,0.071499
10,1,7,0.10015
11,1,7,0.079777
12,1,7,0.083791
13,1,7,0.074087
14,1,7,0.069943
15,1,7,0.081118
16,1,7,0.061719
17,1,7,0.22264
18,1,7,0.10913
19,1,7,0.11756
20,1,7,0.083893
21,1,7,0.066781
22,1,7,0.074062
23,1,7,0.093449
24,1,7,0.13665
1,1,8,0.12358
2,1,8,0.19815
3,1,8,0.12898
4,1,8,0.16128
5,1,8,0.23127
6,1,8,0.15602
7,1,8,0.17385
8,1,8,0.054031
9,1,8,0.080487
10,1,8,0.10797
11,1,8,0.08122
12,1,8,0.08369
13,1,8,0.071348
14,1,8,0.062466
15,1,8,0.083933
16,1,8,0.053805
17,1,8,0.29526
18,1,8,0.10834
19,1,8,0.13293
20,1,8,0.078806
21,1,8,0.061714
22,1,8,0.078534
23,1,8,0.10062
24,1,8,0.14216
1,1,9,0.15693
2,1,9,0.21625
3,1,9,0.20158
4,1,9,0.18929
5,1,9,0.31003
6,1,9,0.1889
7,1,9,0.19385
8,1,9,0.055376
9,1,9,0.1064
10,1,9,0.15039
11,1,9,0.087953
12,1,9,0.085935
13,1,9,0.068265
14,1,9,0.058589
15,1,9,0.098899
16,1,9,0.055371
17,1,9,0.35995
18,1,9,0.12169
19,1,9,0.11974
20,1,9,0.07603
21,1,9,0.061532
22,1,9,0.11558
23,1,9,0.11315
24,1,9,0.16161
1,1,10,0.16993
2,1,10,0.18297
3,1,10,0.33034
4,1,10,0.17215
5,1,10,0.28027
6,1,10,0.20329
7,1,10,0.19366
8,1,10,0.058771
9,1,10,0.11722
10,1,10,0.21049
11,1,10,0.10489
12,1,10,0.093539
13,1,10,0.067566
14,1,10,0.056583
15,1,10,0.10028
16,1,10,0.057583
17,1,10,0.33336
18,1,10,0.14321
19,1,10,0.084549
20,1,10,0.074616
21,1,10,0.079314
22,1,10,0.16265
23,1,10,0.12462
24,1,10,0.18149
1,1,11,0.13397
2,1,11,0.12936
3,1,11,0.36698
4,1,11,0.11679
5,1,11,0.18667
6,1,11,0.18879
7,1,11,0.16944
8,1,11,0.065529
9,1,11,0.088464
10,1,11,0.19762
11,1,11,0.12902
12,1,11,0.10969
13,1,11,0.066703
14,1,11,0.055191
15,1,11,0.085934
16,1,11,0.049394
17,1,11,0.23217
18,1,11,0.13967
19,1,11,0.061265
20,1,11,0.07044
21,1,11,0.10529
22,1,11,0.14779
23,1,11,0.11973
24,1,11,0.18241
1,1,12,0.09539
2,1,12,0.079302
3,1,12,0.25058
4,1,12,0.082286
5,1,12,0.11461
6,1,12,0.15272
7,1,12,0.15237
8,1,12,0.071228
9,1,12,0.058731
10,1,12,0.13317
11,1,12,0.145
12,1,12,0.11389
13,1,12,0.060903
14,1,12,0.054882
15,1,12,0.070499
16,1,12,0.042625
17,1,12,0.14571
18,1,12,0.11154
19,1,12,0.053052
20,1,12,0.071915
21,1,12,0.10691
22,1,12,0.092385
23,1,12,0.096128
24,1,12,0.15937
1,1,13,0.079906
2,1,13,0.063651
3,1,13,0.13964
4,1,13,0.071789
5,1,13,0.091277
6,1,13,0.12256
7,1,13,0.13764
8,1,13,0.075524
9,1,13,0.048266
10,1,13,0.084227
11,1,13,0.13495
12,1,13,0.091412
13,1,13,0.056866
14,1,13,0.055332
15,1,13,0.06013
16,1,13,0.037336
17,1,13,0.11234
18,1,13,0.091077
19,1,13,0.046571
20,1,13,0.070488
21,1,13,0.087602
22,1,13,0.069375
23,1,13,0.07256
24,1,13,0.12559
1,1,14,0.070455
2,1,14,0.059976
3,1,14,0.092612
4,1,14,0.069
5,1,14,0.084025
6,1,14,0.095871
7,1,14,0.12963
8,1,14,0.071465
9,1,14,0.045023
10,1,14,0.063205
11,1,14,0.10805
12,1,14,0.067859
13,1,14,0.05586
14,1,14,0.050829
15,1,14,0.052922
16,1,14,0.033184
17,1,14,0.10908
18,1,14,0.085317
19,1,14,0.041572
20,1,14,0.06921
21,1,14,0.070955
22,1,14,0.062184
23,1,14,0.057304
24,1,14,0.098989
1,1,15,0.060808
2,1,15,0.062432
3,1,15,0.076851
4,1,15,0.065164
5,1,15,0.082233
6,1,15,0.073799
7,1,15,0.12321
8,1,15,0.059071
9,1,15,0.041032
10,1,15,0.055468
11,1,15,0.085094
12,1,15,0.056045
13,1,15,0.055425
14,1,15,0.047346
15,1,15,0.049317
16,1,15,0.032005
17,1,15,0.11444
18,1,15,0.081342
19,1,15,0.039416
20,1,15,0.06554
21,1,15,0.058899
22,1,15,0.058673
23,1,15,0.052618
24,1,15,0.087173
1,1,16,0.055181
2,1,16,0.066693
3,1,16,0.076181
4,1,16,0.062324
5,1,16,0.075242
6,1,16,0.066142
7,1,16,0.11289
8,1,16,0.0494
9,1,16,0.038504
10,1,16,0.050842
11,1,16,0.069267
12,1,16,0.052227
13,1,16,0.053269
14,1,16,0.045423
15,1,16,0.043195
16,1,16,0.031462
17,1,16,0.11856
18,1,16,0.079346
19,1,16,0.038204
20,1,16,0.059097
21,1,16,0.052713
22,1,16,0.05617
23,1,16,0.050105
24,1,16,0.082932
1,1,17,0.054507
2,1,17,0.070407
3,1,17,0.075798
4,1,17,0.063094
5,1,17,0.074948
6,1,17,0.064352
7,1,17,0.10256
8,1,17,0.04584
9,1,17,0.038863
10,1,17,0.048998
11,1,17,0.062537
12,1,17,0.047031
13,1,17,0.051843
14,1,17,0.044182
15,1,17,0.042788
16,1,17,0.032047
17,1,17,0.12712
18,1,17,0.073412
19,1,17,0.03907
20,1,17,0.055842
21,1,17,0.051197
22,1,17,0.054903
23,1,17,0.049393
24,1,17,0.080977
1,1,18,0.054108
2,1,18,0.072018
3,1,18,0.078272
4,1,18,0.065004
5,1,18,0.072813
6,1,18,0.061627
7,1,18,0.095815
8,1,18,0.044104
9,1,18,0.041481
10,1,18,0.047868
11,1,18,0.065179
12,1,18,0.044314
13,1,18,0.049959
14,1,18,0.045838
15,1,18,0.043286
16,1,18,0.032729
17,1,18,0.14842
18,1,18,0.071751
19,1,18,0.040152
20,1,18,0.054101
21,1,18,0.052184
22,1,18,0.059694
23,1,18,0.049006
24,1,18,0.081375
1,1,19,0.054519
2,1,19,0.066888
3,1,19,0.080588
4,1,19,0.062812
5,1,19,0.071127
6,1,19,0.061606
7,1,19,0.092415
8,1,19,0.042656
9,1,19,0.046312
10,1,19,0.04981
11,1,19,0.065592
12,1,19,0.042644
13,1,19,0.044662
14,1,19,0.046757
15,1,19,0.042946
16,1,19,0.032843
17,1,19,0.15499
18,1,19,0.073703
19,1,19,0.039775
20,1,19,0.05378
21,1,19,0.053281
22,1,19,0.065983
23,1,19,0.050061
24,1,19,0.082731
1,1,20,0.052613
2,1,20,0.06303
3,1,20,0.085379
4,1,20,0.061497
5,1,20,0.066048
6,1,20,0.062661
7,1,20,0.087216
8,1,20,0.041969
9,1,20,0.046367
10,1,20,0.056593
11,1,20,0.066379
12,1,20,0.041099
13,1,20,0.040568
14,1,20,0.046377
15,1,20,0.042836
16,1,20,0.033535
17,1,20,0.13311
18,1,20,0.074566
19,1,20,0.0401
20,1,20,0.054595
21,1,20,0.058001
22,1,20,0.071738
23,1,20,0.051185
24,1,20,0.085401
1,1,21,0.051031
2,1,21,0.055743
3,1,21,0.092611
4,1,21,0.062098
5,1,21,0.056227
6,1,21,0.060363
7,1,21,0.082517
8,1,21,0.039718
9,1,21,0.040522
10,1,21,0.055982
11,1,21,0.069796
12,1,21,0.042621
13,1,21,0.041794
14,1,21,0.046553
15,1,21,0.043888
16,1,21,0.034851
17,1,21,0.11111
18,1,21,0.074698
19,1,21,0.040432
20,1,21,0.05316
21,1,21,0.055728
22,1,21,0.077095
23,1,21,0.052611
24,1,21,0.089357
1,1,22,0.048975
2,1,22,0.051276
3,1,22,0.095897
4,1,22,0.062182
5,1,22,0.052556
6,1,22,0.056279
7,1,22,0.074593
8,1,22,0.037514
9,1,22,0.036051
10,1,22,0.050414
11,1,22,0.071352
12,1,22,0.041908
13,1,22,0.043185
14,1,22,0.046626
15,1,22,0.04391
16,1,22,0.035218
17,1,22,0.090425
18,1,22,0.075701
19,1,22,0.040988
20,1,22,0.051969
21,1,22,0.054277
22,1,22,0.076254
23,1,22,0.052748
24,1,22,0.089103
1,1,23,0.048528
2,1,23,0.046447
3,1,23,0.089506
4,1,23,0.060578
5,1,23,0.051137
6,1,23,0.049853
7,1,23,0.069192
8,1,23,0.036562
9,1,23,0.03326
10,1,23,0.044401
11,1,23,0.07043
12,1,23,0.040763
13,1,23,0.044126
14,1,23,0.046396
15,1,23,0.044679
16,1,23,0.032889
17,1,23,0.075784
18,1,23,0.077245
19,1,23,0.038123
20,1,23,0.049731
21,1,23,0.048922
22,1,23,0.071078
23,1,23,0.055345
24,1,23,0.082402
1,1,24,0.045061
2,1,24,0.043
3,1,24,0.083117
4,1,24,0.058602
5,1,24,0.048749
6,1,24,0.046859
7,1,24,0.062785
8,1,24,0.034967
9,1,24,0.032092
10,1,24,0.040927
11,1,24,0.075927
12,1,24,0.03961
13,1,24,0.043517
14,1,24,0.047895
15,1,24,0.042474
16,1,24,0.031493
17,1,24,0.073344
18,1,24,0.075726
19,1,24,0.034889
20,1,24,0.047502
21,1,24,0.045055
22,1,24,0.064196
23,1,24,0.051467
24,1,24,0.073257
1,1,25,0.042118
2,1,25,0.04038
3,1,25,0.077026
4,1,25,0.058957
5,1,25,0.047685
6,1,25,0.044158
7,1,25,0.059505
8,1,25,0.035035
9,1,25,0.031478
10,1,25,0.036493
11,1,25,0.07925
12,1,25,0.039603
13,1,25,0.041297
14,1,25,0.048471
15,1,25,0.040713
16,1,25,0.02957
17,1,25,0.07417
18,1,25,0.072893
19,1,25,0.034192
20,1,25,0.046397
21,1,25,0.041003
22,1,25,0.06248
23,1,25,0.042625
24,1,25,0.064543
1,1,26,0.039727
2,1,26,0.037382
3,1,26,0.073519
4,1,26,0.058652
5,1,26,0.04557
6,1,26,0.042583
7,1,26,0.055887
8,1,26,0.034153
9,1,26,0.029028
10,1,26,0.032766
11,1,26,0.073774
12,1,26,0.03767
13,1,26,0.041046
14,1,26,0.046929
15,1,26,0.038908
16,1,26,0.027267
17,1,26,0.071174
18,1,26,0.071683
19,1,26,0.034093
20,1,26,0.043692
21,1,26,0.038224
22,1,26,0.058727
23,1,26,0.04024
24,1,26,0.058264
1,1,27,0.038189
2,1,27,0.034854
3,1,27,0.062926
4,1,27,0.056414
5,1,27,0.043868
6,1,27,0.039728
7,1,27,0.049066
8,1,27,0.032079
9,1,27,0.026697
10,1,27,0.031081
11,1,27,0.068296
12,1,27,0.033739
13,1,27,0.040594
14,1,27,0.0424
15,1,27,0.038394
16,1,27,0.025647
17,1,27,0.067102
18,1,27,0.072599
19,1,27,0.031607
20,1,27,0.039181
21,1,27,0.035814
22,1,27,0.055859
23,1,27,0.040906
24,1,27,0.053588
1,1,28,0.036461
2,1,28,0.032262
3,1,28,0.055718
4,1,28,0.050723
5,1,28,0.042546
6,1,28,0.03758
7,1,28,0.045888
8,1,28,0.030255
9,1,28,0.025602
10,1,28,0.029834
11,1,28,0.063308
12,1,28,0.030489
13,1,28,0.038397
14,1,28,0.038155
15,1,28,0.038153
16,1,28,0.02408
17,1,28,0.062697
18,1,28,0.072955
19,1,28,0.030387
20,1,28,0.037406
21,1,28,0.033433
22,1,28,0.050538
23,1,28,0.036618
24,1,28,0.050607
1,1,29,0.034376
2,1,29,0.02938
3,1,29,0.048499
4,1,29,0.045605
5,1,29,0.037355
6,1,29,0.03543
7,1,29,0.043064
8,1,29,0.030568
9,1,29,0.024857
10,1,29,0.027873
11,1,29,0.057859
12,1,29,0.029415
13,1,29,0.035399
14,1,29,0.035377
15,1,29,0.037563
16,1,29,0.021214
17,1,29,0.056749
18,1,29,0.072709
19,1,29,0.028379
20,1,29,0.035923
21,1,29,0.029873
22,1,29,0.044159
23,1,29,0.03474
24,1,29,0.047077
1,1,30,0.031182
2,1,30,0.02703
3,1,30,0.043937
4,1,30,0.040784
5,1,30,0.032872
6,1,30,0.032981
7,1,30,0.039117
8,1,30,0.028701
9,1,30,0.023493
10,1,30,0.023785
11,1,30,0.048458
12,1,30,0.02649
13,1,30,0.034725
14,1,30,0.033242
15,1,30,0.034674
16,1,30,0.018625
17,1,30,0.047261
18,1,30,0.071987
19,1,30,0.026363
20,1,30,0.035122
21,1,30,0.026808
22,1,30,0.038255
23,1,30,0.032391
24,1,30,0.042847
1,1,31,0.028878
2,1,31,0.023178
3,1,31,0.038704
4,1,31,0.037371
5,1,31,0.028385
6,1,31,0.031145
7,1,31,0.034431
8,1,31,0.024845
9,1,31,0.020857
10,1,31,0.021725
11,1,31,0.039068
12,1,31,0.02245
13,1,31,0.033288
14,1,31,0.030261
15,1,31,0.026644
16,1,31,0.017767
17,1,31,0.04085
18,1,31,0.064773
19,1,31,0.023747
20,1,31,0.032755
21,1,31,0.023539
22,1,31,0.03343
23,1,31,0.029601
24,1,31,0.037771
1,1,32,0.025754
2,1,32,0.020081
3,1,32,0.033863
4,1,32,0.035165
5,1,32,0.024759
6,1,32,0.028768
7,1,32,0.030408
8,1,32,0.022167
9,1,32,0.018244
10,1,32,0.019223
11,1,32,0.033183
12,1,32,0.021665
13,1,32,0.029527
14,1,32,0.025554
15,1,32,0.021389
16,1,32,0.015327
17,1,32,0.035167
18,1,32,0.053678
19,1,32,0.021277
20,1,32,0.031595
21,1,32,0.020116
22,1,32,0.029862
23,1,32,0.0275
24,1,32,0.032661
1,1,33,0.022093
2,1,33,0.016991
3,1,33,0.030057
4,1,33,0.031472
5,1,33,0.021553
6,1,33,0.024547
7,1,33,0.027524
8,1,33,0.019937
9,1,33,0.015863
10,1,33,0.015381
11,1,33,0.029777
12,1,33,0.019453
13,1,33,0.026327
14,1,33,0.022546
15,1,33,0.018745
16,1,33,0.012699
17,1,33,0.029114
18,1,33,0.044377
19,1,33,0.018766
20,1,33,0.029734
21,1,33,0.017791
22,1,33,0.025948
23,1,33,0.024347
24,1,33,0.028751
1,1,34,0.019129
2,1,34,0.014489
3,1,34,0.026679
4,1,34,0.026072
5,1,34,0.018784
6,1,34,0.019959
7,1,34,0.023924
8,1,34,0.017418
9,1,34,0.013349
10,1,34,0.013831
11,1,34,0.024492
12,1,34,0.017779
13,1,34,0.024446
14,1,34,0.019914
15,1,34,0.016006
16,1,34,0.010884
17,1,34,0.024323
18,1,34,0.038315
19,1,34,0.016232
20,1,34,0.024464
21,1,34,0.015811
22,1,34,0.022126
23,1,34,0.021337
24,1,34,0.025512
1,1,35,0.016174
2,1,35,0.012847
3,1,35,0.022597
4,1,35,0.021317
5,1,35,0.016818
6,1,35,0.017159
7,1,35,0.020728
8,1,35,0.014147
9,1,35,0.01143
10,1,35,0.012413
11,1,35,0.019925
12,1,35,0.016405
13,1,35,0.021637
14,1,35,0.016625
15,1,35,0.013913
16,1,35,0.0094868
17,1,35,0.020729
18,1,35,0.032901
19,1,35,0.014133
20,1,35,0.01837
21,1,35,0.012863
22,1,35,0.018306
23,1,35,0.019207
24,1,35,0.022698
1,2,2,0.19444
2,2,2,0.14618
3,2,2,0.17313
4,2,2,0.2414
5,2,2,0.22212
6,2,2,0.15296
7,2,2,0.17634
8,2,2,0.19933
9,2,2,0.12574
10,2,2,0.182
11,2,2,0.16559
12,2,2,0.10964
13,2,2,0.17256
14,2,2,0.094546
15,2,2,0.23703
16,2,2,0.14849
17,2,2,0.29627
18,2,2,0.13027
19,2,2,0.15204
20,2,2,0.19197
21,2,2,0.16078
22,2,2,0.1316
23,2,2,0.17012
24,2,2,0.24787
1,2,3,0.12627
2,2,3,0.11784
3,2,3,0.10677
4,2,3,0.15365
5,2,3,0.15602
6,2,3,0.12115
7,2,3,0.11979
8,2,3,0.12977
9,2,3,0.087597
10,2,3,0.1314
11,2,3,0.1077
12,2,3,0.10131
13,2,3,0.11565
14,2,3,0.082178
15,2,3,0.16019
16,2,3,0.12302
17,2,3,0.22262
18,2,3,0.098556
19,2,3,0.10794
20,2,3,0.12542
21,2,3,0.11666
22,2,3,0.090735
23,2,3,0.12297
24,2,3,0.14684
1,2,4,0.10648
2,2,4,0.11185
3,2,4,0.092108
4,2,4,0.13598
5,2,4,0.14081
6,2,4,0.10988
7,2,4,0.10429
8,2,4,0.10694
9,2,4,0.073313
10,2,4,0.11542
11,2,4,0.091601
12,2,4,0.096186
13,2,4,0.098506
14,2,4,0.080834
15,2,4,0.12185
16,2,4,0.10502
17,2,4,0.22382
18,2,4,0.094254
19,2,4,0.10059
20,2,4,0.10267
21,2,4,0.10327
22,2,4,0.08033
23,2,4,0.1057
24,2,4,0.14282
1,2,5,0.099485
2,2,5,0.10382
3,2,5,0.087292
4,2,5,0.12382
5,2,5,0.14517
6,2,5,0.10227
7,2,5,0.1018
8,2,5,0.093811
9,2,5,0.070116
10,2,5,0.11304
11,2,5,0.081649
12,2,5,0.091863
13,2,5,0.090618
14,2,5,0.072541
15,2,5,0.11249
16,2,5,0.089124
17,2,5,0.234
18,2,5,0.099989
19,2,5,0.096846
20,2,5,0.097255
21,2,5,0.091988
22,2,5,0.074581
23,2,5,0.092038
24,2,5,0.14502
1,2,6,0.094579
2,2,6,0.10493
3,2,6,0.086693
4,2,6,0.12955
5,2,6,0.1579
6,2,6,0.10452
7,2,6,0.11505
8,2,6,0.085638
9,2,6,0.071206
10,2,6,0.10621
11,2,6,0.076224
12,2,6,0.08623
13,2,6,0.081175
14,2,6,0.06634
15,2,6,0.11359
16,2,6,0.081732
17,2,6,0.23886
18,2,6,0.11556
19,2,6,0.10016
20,2,6,0.092556
21,2,6,0.085219
22,2,6,0.069504
23,2,6,0.090771
24,2,6,0.13739
1,2,7,0.092626
2,2,7,0.12744
3,2,7,0.099698
4,2,7,0.152
5,2,7,0.18247
6,2,7,0.10579
7,2,7,0.12986
8,2,7,0.081228
9,2,7,0.067799
10,2,7,0.098095
11,2,7,0.075199
12,2,7,0.081948
13,2,7,0.076351
14,2,7,0.061349
15,2,7,0.11214
16,2,7,0.072074
17,2,7,0.27437
18,2,7,0.1171
19,2,7,0.11549
20,2,7,0.087341
21,2,7,0.080363
22,2,7,0.068184
23,2,7,0.10141
24,2,7,0.12514
1,2,8,0.10534
2,2,8,0.15272
3,2,8,0.13717
4,2,8,0.1866
5,2,8,0.25196
6,2,8,0.12314
7,2,8,0.14922
8,2,8,0.077071
9,2,8,0.068615
10,2,8,0.10156
11,2,8,0.075525
12,2,8,0.079297
13,2,8,0.07165
14,2,8,0.054545
15,2,8,0.11314
16,2,8,0.064044
17,2,8,0.35278
18,2,8,0.10112
19,2,8,0.12099
20,2,8,0.080114
21,2,8,0.077183
22,2,8,0.069913
23,2,8,0.11385
24,2,8,0.12453
1,2,9,0.13039
2,2,9,0.17157
3,2,9,0.22017
4,2,9,0.19925
5,2,9,0.35537
6,2,9,0.15654
7,2,9,0.15657
8,2,9,0.075482
9,2,9,0.088138
10,2,9,0.15012
11,2,9,0.077715
12,2,9,0.080158
13,2,9,0.071805
14,2,9,0.046725
15,2,9,0.12693
16,2,9,0.063676
17,2,9,0.4501
18,2,9,0.10917
19,2,9,0.10904
20,2,9,0.075882
21,2,9,0.080665
22,2,9,0.0957
23,2,9,0.14718
24,2,9,0.15025
1,2,10,0.14
2,2,10,0.17495
3,2,10,0.27871
4,2,10,0.1617
5,2,10,0.38652
6,2,10,0.19053
7,2,10,0.14684
8,2,10,0.07503
9,2,10,0.10406
10,2,10,0.22265
11,2,10,0.091268
12,2,10,0.08626
13,2,10,0.07272
14,2,10,0.043729
15,2,10,0.12925
16,2,10,0.067384
17,2,10,0.45686
18,2,10,0.12582
19,2,10,0.085604
20,2,10,0.072815
21,2,10,0.12057
22,2,10,0.14759
23,2,10,0.17457
24,2,10,0.19201
1,2,11,0.12083
2,2,11,0.13388
3,2,11,0.2368
4,2,11,0.11106
5,2,11,0.28381
6,2,11,0.18001
7,2,11,0.13572
8,2,11,0.078713
9,2,11,0.080537
10,2,11,0.22562
11,2,11,0.1202
12,2,11,0.088835
13,2,11,0.067586
14,2,11,0.04387
15,2,11,0.11647
16,2,11,0.065203
17,2,11,0.31949
18,2,11,0.12085
19,2,11,0.065565
20,2,11,0.073775
21,2,11,0.18893
22,2,11,0.14488
23,2,11,0.15018
24,2,11,0.21664
1,2,12,0.089303
2,2,12,0.085362
3,2,12,0.14852
4,2,12,0.084022
5,2,12,0.16897
6,2,12,0.14118
7,2,12,0.13479
8,2,12,0.083199
9,2,12,0.054274
10,2,12,0.14823
11,2,12,0.14222
12,2,12,0.089794
13,2,12,0.064012
14,2,12,0.044334
15,2,12,0.10108
16,2,12,0.055667
17,2,12,0.19038
18,2,12,0.099943
19,2,12,0.055558
20,2,12,0.074195
21,2,12,0.20764
22,2,12,0.094559
23,2,12,0.10047
24,2,12,0.19417
1,2,13,0.077623
2,2,13,0.064264
3,2,13,0.099623
4,2,13,0.080264
5,2,13,0.11988
6,2,13,0.11338
7,2,13,0.13211
8,2,13,0.085478
9,2,13,0.044065
10,2,13,0.08995
11,2,13,0.14752
12,2,13,0.073039
13,2,13,0.058741
14,2,13,0.04401
15,2,13,0.083173
16,2,13,0.048032
17,2,13,0.14521
18,2,13,0.09097
19,2,13,0.051393
20,2,13,0.075626
21,2,13,0.15126
22,2,13,0.070434
23,2,13,0.072322
24,2,13,0.14318
1,2,14,0.066629
2,2,14,0.056301
3,2,14,0.079296
4,2,14,0.079306
5,2,14,0.099462
6,2,14,0.090718
7,2,14,0.12127
8,2,14,0.079523
9,2,14,0.03949
10,2,14,0.066222
11,2,14,0.12729
12,2,14,0.053529
13,2,14,0.05564
14,2,14,0.041106
15,2,14,0.063728
16,2,14,0.044794
17,2,14,0.13807
18,2,14,0.08771
19,2,14,0.048047
20,2,14,0.069297
21,2,14,0.10032
22,2,14,0.058713
23,2,14,0.062831
24,2,14,0.10572
1,2,15,0.057275
2,2,15,0.054264
3,2,15,0.069415
4,2,15,0.073941
5,2,15,0.093543
6,2,15,0.070229
7,2,15,0.10729
8,2,15,0.067579
9,2,15,0.036092
10,2,15,0.058052
11,2,15,0.096086
12,2,15,0.044132
13,2,15,0.052577
14,2,15,0.037987
15,2,15,0.057722
16,2,15,0.040265
17,2,15,0.13425
18,2,15,0.083462
19,2,15,0.045055
20,2,15,0.063134
21,2,15,0.077418
22,2,15,0.051431
23,2,15,0.059807
24,2,15,0.089366
1,2,16,0.054754
2,2,16,0.056509
3,2,16,0.066355
4,2,16,0.069321
5,2,16,0.088469
6,2,16,0.060822
7,2,16,0.10034
8,2,16,0.060133
9,2,16,0.03483
10,2,16,0.054162
11,2,16,0.072284
12,2,16,0.040841
13,2,16,0.050743
14,2,16,0.035376
15,2,16,0.055915
16,2,16,0.037872
17,2,16,0.13327
18,2,16,0.075965
19,2,16,0.042178
20,2,16,0.059193
21,2,16,0.067941
22,2,16,0.049747
23,2,16,0.053355
24,2,16,0.085103
1,2,17,0.052711
2,2,17,0.059303
3,2,17,0.067838
4,2,17,0.067374
5,2,17,0.087578
6,2,17,0.057861
7,2,17,0.091817
8,2,17,0.055584
9,2,17,0.035004
10,2,17,0.051785
11,2,17,0.061444
12,2,17,0.038438
13,2,17,0.049567
14,2,17,0.034842
15,2,17,0.053108
16,2,17,0.038168
17,2,17,0.1342
18,2,17,0.069114
19,2,17,0.041403
20,2,17,0.05595
21,2,17,0.067464
22,2,17,0.050246
23,2,17,0.048781
24,2,17,0.085798
1,2,18,0.051787
2,2,18,0.062035
3,2,18,0.073224
4,2,18,0.065144
5,2,18,0.081544
6,2,18,0.05786
7,2,18,0.089333
8,2,18,0.051573
9,2,18,0.037304
10,2,18,0.052418
11,2,18,0.057882
12,2,18,0.039738
13,2,18,0.045478
14,2,18,0.034938
15,2,18,0.051286
16,2,18,0.038506
17,2,18,0.15961
18,2,18,0.073247
19,2,18,0.039607
20,2,18,0.054524
21,2,18,0.067473
22,2,18,0.052129
23,2,18,0.04855
24,2,18,0.085179
1,2,19,0.052606
2,2,19,0.065498
3,2,19,0.080714
4,2,19,0.066789
5,2,19,0.077293
6,2,19,0.055389
7,2,19,0.083666
8,2,19,0.050732
9,2,19,0.04208
10,2,19,0.054803
11,2,19,0.060019
12,2,19,0.038583
13,2,19,0.043474
14,2,19,0.035282
15,2,19,0.053433
16,2,19,0.040486
17,2,19,0.17725
18,2,19,0.075731
19,2,19,0.038689
20,2,19,0.053291
21,2,19,0.066265
22,2,19,0.054041
23,2,19,0.053452
24,2,19,0.081887
1,2,20,0.052002
2,2,20,0.064707
3,2,20,0.083583
4,2,20,0.066424
5,2,20,0.072623
6,2,20,0.054905
7,2,20,0.075514
8,2,20,0.050525
9,2,20,0.042601
10,2,20,0.05946
11,2,20,0.061487
12,2,20,0.036179
13,2,20,0.042994
14,2,20,0.036295
15,2,20,0.053794
16,2,20,0.042646
17,2,20,0.16877
18,2,20,0.078259
19,2,20,0.040076
20,2,20,0.053821
21,2,20,0.066107
22,2,20,0.060626
23,2,20,0.054637
24,2,20,0.080911
1,2,21,0.050051
2,2,21,0.059873
3,2,21,0.086265
4,2,21,0.066418
5,2,21,0.068335
6,2,21,0.050907
7,2,21,0.071367
8,2,21,0.047467
9,2,21,0.038216
10,2,21,0.057783
11,2,21,0.063174
12,2,21,0.036892
13,2,21,0.041557
14,2,21,0.037589
15,2,21,0.053746
16,2,21,0.044496
17,2,21,0.14012
18,2,21,0.083252
19,2,21,0.039206
20,2,21,0.052177
21,2,21,0.066583
22,2,21,0.065378
23,2,21,0.052468
24,2,21,0.082366
1,2,22,0.048025
2,2,22,0.054259
3,2,22,0.085328
4,2,22,0.066657
5,2,22,0.059674
6,2,22,0.050021
7,2,22,0.068089
8,2,22,0.047123
9,2,22,0.0353
10,2,22,0.054029
11,2,22,0.068433
12,2,22,0.035637
13,2,22,0.041101
14,2,22,0.038931
15,2,22,0.053996
16,2,22,0.047485
17,2,22,0.11345
18,2,22,0.080607
19,2,22,0.038388
20,2,22,0.050489
21,2,22,0.07157
22,2,22,0.063132
23,2,22,0.051891
24,2,22,0.081788
1,2,23,0.046873
2,2,23,0.047747
3,2,23,0.082382
4,2,23,0.066708
5,2,23,0.057025
6,2,23,0.046776
7,2,23,0.060921
8,2,23,0.046054
9,2,23,0.032834
10,2,23,0.047612
11,2,23,0.070011
12,2,23,0.033952
13,2,23,0.039255
14,2,23,0.038431
15,2,23,0.05316
16,2,23,0.046225
17,2,23,0.092878
18,2,23,0.077751
19,2,23,0.038599
20,2,23,0.048487
21,2,23,0.072419
22,2,23,0.058517
23,2,23,0.047714
24,2,23,0.077955
1,2,24,0.044864
2,2,24,0.042787
3,2,24,0.076768
4,2,24,0.067468
5,2,24,0.055089
6,2,24,0.044347
7,2,24,0.057188
8,2,24,0.045551
9,2,24,0.029291
10,2,24,0.04194
11,2,24,0.071181
12,2,24,0.033427
13,2,24,0.037353
14,2,24,0.037628
15,2,24,0.052269
16,2,24,0.044826
17,2,24,0.089167
18,2,24,0.077377
19,2,24,0.037428
20,2,24,0.046451
21,2,24,0.065509
22,2,24,0.057877
23,2,24,0.040008
24,2,24,0.072709
1,2,25,0.041873
2,2,25,0.040809
3,2,25,0.071312
4,2,25,0.065153
5,2,25,0.054842
6,2,25,0.04121
7,2,25,0.052891
8,2,25,0.046238
9,2,25,0.029053
10,2,25,0.038905
11,2,25,0.074102
12,2,25,0.032181
13,2,25,0.033632
14,2,25,0.036849
15,2,25,0.050121
16,2,25,0.039273
17,2,25,0.087157
18,2,25,0.078628
19,2,25,0.035324
20,2,25,0.043384
21,2,25,0.056634
22,2,25,0.057278
23,2,25,0.036663
24,2,25,0.067907
1,2,26,0.03932
2,2,26,0.035753
3,2,26,0.067872
4,2,26,0.060741
5,2,26,0.051143
6,2,26,0.038553
7,2,26,0.048606
8,2,26,0.046037
9,2,26,0.03145
10,2,26,0.036481
11,2,26,0.071541
12,2,26,0.030809
13,2,26,0.031817
14,2,26,0.033105
15,2,26,0.045811
16,2,26,0.035789
17,2,26,0.079297
18,2,26,0.074212
19,2,26,0.033706
20,2,26,0.040696
21,2,26,0.051471
22,2,26,0.054715
23,2,26,0.033634
24,2,26,0.06106
1,2,27,0.037752
2,2,27,0.035516
3,2,27,0.063865
4,2,27,0.056119
5,2,27,0.050262
6,2,27,0.036608
7,2,27,0.044779
8,2,27,0.04325
9,2,27,0.029925
10,2,27,0.034178
11,2,27,0.067193
12,2,27,0.028396
13,2,27,0.031684
14,2,27,0.028882
15,2,27,0.042567
16,2,27,0.034885
17,2,27,0.071049
18,2,27,0.07605
19,2,27,0.032498
20,2,27,0.038735
21,2,27,0.047036
22,2,27,0.054858
23,2,27,0.031509
24,2,27,0.055196
1,2,28,0.036957
2,2,28,0.033605
3,2,28,0.057211
4,2,28,0.051291
5,2,28,0.047143
6,2,28,0.035169
7,2,28,0.043249
8,2,28,0.041309
9,2,28,0.027705
10,2,28,0.031805
11,2,28,0.06013
12,2,28,0.025326
13,2,28,0.031713
14,2,28,0.025886
15,2,28,0.041527
16,2,28,0.032841
17,2,28,0.06586
18,2,28,0.077153
19,2,28,0.030595
20,2,28,0.036712
21,2,28,0.04473
22,2,28,0.05242
23,2,28,0.030101
24,2,28,0.050765
1,2,29,0.034475
2,2,29,0.030942
3,2,29,0.050584
4,2,29,0.047557
5,2,29,0.043607
6,2,29,0.033597
7,2,29,0.039884
8,2,29,0.039768
9,2,29,0.026393
10,2,29,0.029463
11,2,29,0.05444
12,2,29,0.023976
13,2,29,0.029961
14,2,29,0.022758
15,2,29,0.040916
16,2,29,0.031266
17,2,29,0.057639
18,2,29,0.078025
19,2,29,0.028933
20,2,29,0.033653
21,2,29,0.042337
22,2,29,0.046639
23,2,29,0.02856
24,2,29,0.046616
1,2,30,0.030316
2,2,30,0.028159
3,2,30,0.046576
4,2,30,0.043624
5,2,30,0.038378
6,2,30,0.032054
7,2,30,0.033947
8,2,30,0.036724
9,2,30,0.023752
10,2,30,0.027368
11,2,30,0.047428
12,2,30,0.022573
13,2,30,0.026848
14,2,30,0.020788
15,2,30,0.037131
16,2,30,0.027306
17,2,30,0.053986
18,2,30,0.073469
19,2,30,0.026258
20,2,30,0.032164
21,2,30,0.037837
22,2,30,0.039877
23,2,30,0.026377
24,2,30,0.043364
1,2,31,0.026825
2,2,31,0.02578
3,2,31,0.041
4,2,31,0.039732
5,2,31,0.034701
6,2,31,0.029426
7,2,31,0.029096
8,2,31,0.032819
9,2,31,0.021575
10,2,31,0.025065
11,2,31,0.038449
12,2,31,0.020014
13,2,31,0.024948
14,2,31,0.01889
15,2,31,0.030455
16,2,31,0.023665
17,2,31,0.046284
18,2,31,0.060851
19,2,31,0.023737
20,2,31,0.030507
21,2,31,0.034821
22,2,31,0.031344
23,2,31,0.025464
24,2,31,0.039081
1,2,32,0.023311
2,2,32,0.022887
3,2,32,0.036361
4,2,32,0.034365
5,2,32,0.030192
6,2,32,0.027596
7,2,32,0.026479
8,2,32,0.029932
9,2,32,0.019507
10,2,32,0.021137
11,2,32,0.031974
12,2,32,0.017587
13,2,32,0.022656
14,2,32,0.015795
15,2,32,0.024993
16,2,32,0.020289
17,2,32,0.040095
18,2,32,0.051942
19,2,32,0.022044
20,2,32,0.028083
21,2,32,0.030622
22,2,32,0.026829
23,2,32,0.023011
24,2,32,0.033244
1,2,33,0.020134
2,2,33,0.019103
3,2,33,0.031251
4,2,33,0.03158
5,2,33,0.026324
6,2,33,0.024426
7,2,33,0.023215
8,2,33,0.025936
9,2,33,0.016657
10,2,33,0.018215
11,2,33,0.026674
12,2,33,0.015774
13,2,33,0.019868
14,2,33,0.013657
15,2,33,0.020974
16,2,33,0.018199
17,2,33,0.035079
18,2,33,0.045328
19,2,33,0.019826
20,2,33,0.026391
21,2,33,0.026006
22,2,33,0.023801
23,2,33,0.020115
24,2,33,0.028803
1,2,34,0.017682
2,2,34,0.016383
3,2,34,0.025932
4,2,34,0.027603
5,2,34,0.021868
6,2,34,0.019756
7,2,34,0.020468
8,2,34,0.021563
9,2,34,0.013989
10,2,34,0.016043
11,2,34,0.021336
12,2,34,0.013583
13,2,34,0.017166
14,2,34,0.011824
15,2,34,0.017925
16,2,34,0.016397
17,2,34,0.029664
18,2,34,0.037873
19,2,34,0.01739
20,2,34,0.023069
21,2,34,0.022291
22,2,34,0.019041
23,2,34,0.01751
24,2,34,0.025589
1,2,35,0.014795
2,2,35,0.0141
3,2,35,0.022132
4,2,35,0.024085
5,2,35,0.019828
6,2,35,0.0161
7,2,35,0.017207
8,2,35,0.018361
9,2,35,0.011453
10,2,35,0.014073
11,2,35,0.017051
12,2,35,0.012004
13,2,35,0.015157
14,2,35,0.0098374
15,2,35,0.015914
16,2,35,0.014489
17,2,35,0.025136
18,2,35,0.031473
19,2,35,0.014691
20,2,35,0.019325
21,2,35,0.01885
22,2,35,0.016904
23,2,35,0.01459
24,2,35,0.022715
1,3,2,0.17105
2,3,2,0.18104
3,3,2,0.17693
4,3,2,0.1408
5,3,2,0.20136
6,3,2,0.1784
7,3,2,0.19761
8,3,2,0.16789
9,3,2,0.14338
10,3,2,0.25947
11,3,2,0.1762
12,3,2,0.15553
13,3,2,0.21578
14,3,2,0.112
15,3,2,0.15616
16,3,2,0.1364
17,3,2,0.35279
18,3,2,0.16583
19,3,2,0.15916
20,3,2,0.18875
21,3,2,0.14318
22,3,2,0.14066
23,3,2,0.20993
24,3,2,0.36793
1,3,3,0.1254
2,3,3,0.12743
3,3,3,0.12173
4,3,3,0.11299
5,3,3,0.13025
6,3,3,0.12182
7,3,3,0.12631
8,3,3,0.10231
9,3,3,0.10365
10,3,3,0.1703
11,3,3,0.11923
12,3,3,0.11623
13,3,3,0.13555
14,3,3,0.089925
15,3,3,0.1173
16,3,3,0.10995
17,3,3,0.23871
18,3,3,0.1083
19,3,3,0.10381
20,3,3,0.12619
21,3,3,0.097416
22,3,3,0.10051
23,3,3,0.14317
24,3,3,0.26176
1,3,4,0.11768
2,3,4,0.11264
3,3,4,0.1007
4,3,4,0.098009
5,3,4,0.12372
6,3,4,0.1059
7,3,4,0.11146
8,3,4,0.084176
9,3,4,0.092654
10,3,4,0.14591
11,3,4,0.10265
12,3,4,0.10408
13,3,4,0.11401
14,3,4,0.0897
15,3,4,0.10564
16,3,4,0.10075
17,3,4,0.22469
18,3,4,0.10003
19,3,4,0.088193
20,3,4,0.10032
21,3,4,0.08752
22,3,4,0.09123
23,3,4,0.10736
24,3,4,0.19734
1,3,5,0.10388
2,3,5,0.10782
3,3,5,0.090198
4,3,5,0.090834
5,3,5,0.13881
6,3,5,0.099188
7,3,5,0.11034
8,3,5,0.074935
9,3,5,0.079214
10,3,5,0.13424
11,3,5,0.093045
12,3,5,0.098595
13,3,5,0.10327
14,3,5,0.080912
15,3,5,0.096328
16,3,5,0.088637
17,3,5,0.23139
18,3,5,0.10719
19,3,5,0.07776
20,3,5,0.089039
21,3,5,0.082115
22,3,5,0.082997
23,3,5,0.096546
24,3,5,0.16496
1,3,6,0.099407
2,3,6,0.11163
3,3,6,0.094765
4,3,6,0.10261
5,3,6,0.15941
6,3,6,0.098848
7,3,6,0.1115
8,3,6,0.069837
9,3,6,0.075762
10,3,6,0.1262
11,3,6,0.08913
12,3,6,0.10051
13,3,6,0.08965
14,3,6,0.072508
15,3,6,0.096301
16,3,6,0.074936
17,3,6,0.24837
18,3,6,0.12399
19,3,6,0.081753
20,3,6,0.084396
21,3,6,0.084527
22,3,6,0.079895
23,3,6,0.095842
24,3,6,0.15417
1,3,7,0.098518
2,3,7,0.13339
3,3,7,0.10784
4,3,7,0.13053
5,3,7,0.17687
6,3,7,0.10359
7,3,7,0.11956
8,3,7,0.063167
9,3,7,0.078512
10,3,7,0.12077
11,3,7,0.088621
12,3,7,0.095066
13,3,7,0.080847
14,3,7,0.063037
15,3,7,0.093371
16,3,7,0.065704
17,3,7,0.2822
18,3,7,0.11913
19,3,7,0.089518
20,3,7,0.082609
21,3,7,0.081814
22,3,7,0.081642
23,3,7,0.10049
24,3,7,0.15824
1,3,8,0.1055
2,3,8,0.17158
3,3,8,0.13477
4,3,8,0.19014
5,3,8,0.24957
6,3,8,0.11759
7,3,8,0.14533
8,3,8,0.059075
9,3,8,0.08938
10,3,8,0.125
11,3,8,0.085424
12,3,8,0.090685
13,3,8,0.076442
14,3,8,0.058216
15,3,8,0.098956
16,3,8,0.058781
17,3,8,0.37038
18,3,8,0.10245
19,3,8,0.10061
20,3,8,0.078936
21,3,8,0.078121
22,3,8,0.089762
23,3,8,0.11216
24,3,8,0.17488
1,3,9,0.13336
2,3,9,0.19722
3,3,9,0.2032
4,3,9,0.22113
5,3,9,0.37076
6,3,9,0.14139
7,3,9,0.16425
8,3,9,0.058131
9,3,9,0.11896
10,3,9,0.16601
11,3,9,0.087044
12,3,9,0.098009
13,3,9,0.077692
14,3,9,0.054434
15,3,9,0.12795
16,3,9,0.058958
17,3,9,0.48517
18,3,9,0.10727
19,3,9,0.098803
20,3,9,0.07394
21,3,9,0.083715
22,3,9,0.12974
23,3,9,0.13393
24,3,9,0.19878
1,3,10,0.14541
2,3,10,0.18173
3,3,10,0.30419
4,3,10,0.17902
5,3,10,0.36438
6,3,10,0.15432
7,3,10,0.15398
8,3,10,0.065066
9,3,10,0.1302
10,3,10,0.21613
11,3,10,0.099979
12,3,10,0.10739
13,3,10,0.081096
14,3,10,0.050142
15,3,10,0.14208
16,3,10,0.059395
17,3,10,0.48502
18,3,10,0.13058
19,3,10,0.080072
20,3,10,0.068009
21,3,10,0.12668
22,3,10,0.18254
23,3,10,0.1607
24,3,10,0.21859
1,3,11,0.12141
2,3,11,0.13013
3,3,11,0.31663
4,3,11,0.11507
5,3,11,0.24366
6,3,11,0.14615
7,3,11,0.13273
8,3,11,0.080168
9,3,11,0.095948
10,3,11,0.20415
11,3,11,0.12865
12,3,11,0.11989
13,3,11,0.077712
14,3,11,0.048311
15,3,11,0.12003
16,3,11,0.052995
17,3,11,0.35463
18,3,11,0.12765
19,3,11,0.062816
20,3,11,0.07077
21,3,11,0.23637
22,3,11,0.16953
23,3,11,0.14706
24,3,11,0.22067
1,3,12,0.087839
2,3,12,0.084441
3,3,12,0.22784
4,3,12,0.085334
5,3,12,0.13636
6,3,12,0.12632
7,3,12,0.12396
8,3,12,0.091943
9,3,12,0.063056
10,3,12,0.14412
11,3,12,0.15628
12,3,12,0.11761
13,3,12,0.065794
14,3,12,0.048729
15,3,12,0.088501
16,3,12,0.04603
17,3,12,0.20839
18,3,12,0.10686
19,3,12,0.052745
20,3,12,0.072131
21,3,12,0.27946
22,3,12,0.10933
23,3,12,0.10519
24,3,12,0.20065
1,3,13,0.07191
2,3,13,0.065377
3,3,13,0.13325
4,3,13,0.072908
5,3,13,0.10229
6,3,13,0.10611
7,3,13,0.12945
8,3,13,0.087796
9,3,13,0.049725
10,3,13,0.1005
11,3,13,0.16516
12,3,13,0.09363
13,3,13,0.0603
14,3,13,0.047015
15,3,13,0.070177
16,3,13,0.039755
17,3,13,0.1545
18,3,13,0.092022
19,3,13,0.046315
20,3,13,0.067691
21,3,13,0.20021
22,3,13,0.077918
23,3,13,0.079514
24,3,13,0.16819
1,3,14,0.062736
2,3,14,0.061425
3,3,14,0.10416
4,3,14,0.065457
5,3,14,0.097138
6,3,14,0.082051
7,3,14,0.12962
8,3,14,0.069424
9,3,14,0.042219
10,3,14,0.079716
11,3,14,0.14059
12,3,14,0.07107
13,3,14,0.057135
14,3,14,0.044262
15,3,14,0.060185
16,3,14,0.034185
17,3,14,0.14442
18,3,14,0.088405
19,3,14,0.042891
20,3,14,0.063736
21,3,14,0.10385
22,3,14,0.065865
23,3,14,0.067201
24,3,14,0.13754
1,3,15,0.05939
2,3,15,0.06122
3,3,15,0.089048
4,3,15,0.05954
5,3,15,0.091861
6,3,15,0.064433
7,3,15,0.12532
8,3,15,0.055379
9,3,15,0.03965
10,3,15,0.071355
11,3,15,0.1043
12,3,15,0.059303
13,3,15,0.054692
14,3,15,0.043193
15,3,15,0.051041
16,3,15,0.033639
17,3,15,0.14381
18,3,15,0.08364
19,3,15,0.041794
20,3,15,0.060325
21,3,15,0.074294
22,3,15,0.06392
23,3,15,0.064578
24,3,15,0.11706
1,3,16,0.055354
2,3,16,0.063393
3,3,16,0.084635
4,3,16,0.054406
5,3,16,0.08686
6,3,16,0.058128
7,3,16,0.11266
8,3,16,0.048463
9,3,16,0.038434
10,3,16,0.069728
11,3,16,0.082273
12,3,16,0.055223
13,3,16,0.051371
14,3,16,0.041527
15,3,16,0.046432
16,3,16,0.03416
17,3,16,0.14334
18,3,16,0.081801
19,3,16,0.040077
20,3,16,0.057061
21,3,16,0.067406
22,3,16,0.062617
23,3,16,0.063172
24,3,16,0.1072
1,3,17,0.050459
2,3,17,0.065498
3,3,17,0.083925
4,3,17,0.051855
5,3,17,0.079583
6,3,17,0.055279
7,3,17,0.10403
8,3,17,0.044696
9,3,17,0.03772
10,3,17,0.066963
11,3,17,0.071192
12,3,17,0.052033
13,3,17,0.048107
14,3,17,0.039812
15,3,17,0.044828
16,3,17,0.033377
17,3,17,0.15361
18,3,17,0.083202
19,3,17,0.041238
20,3,17,0.054133
21,3,17,0.063187
22,3,17,0.061909
23,3,17,0.060165
24,3,17,0.1046
1,3,18,0.04956
2,3,18,0.065947
3,3,18,0.089752
4,3,18,0.052499
5,3,18,0.074574
6,3,18,0.05157
7,3,18,0.10126
8,3,18,0.043031
9,3,18,0.041388
10,3,18,0.065182
11,3,18,0.066231
12,3,18,0.04881
13,3,18,0.046862
14,3,18,0.038968
15,3,18,0.04665
16,3,18,0.036032
17,3,18,0.17013
18,3,18,0.083776
19,3,18,0.040361
20,3,18,0.054458
21,3,18,0.061403
22,3,18,0.06459
23,3,18,0.0591
24,3,18,0.10475
1,3,19,0.049254
2,3,19,0.066165
3,3,19,0.092714
4,3,19,0.051891
5,3,19,0.071296
6,3,19,0.049024
7,3,19,0.099459
8,3,19,0.041312
9,3,19,0.047098
10,3,19,0.064241
11,3,19,0.065817
12,3,19,0.046921
13,3,19,0.044825
14,3,19,0.039827
15,3,19,0.048876
16,3,19,0.036609
17,3,19,0.19535
18,3,19,0.085687
19,3,19,0.040943
20,3,19,0.053718
21,3,19,0.060244
22,3,19,0.070077
23,3,19,0.05897
24,3,19,0.10532
1,3,20,0.048171
2,3,20,0.064454
3,3,20,0.10131
4,3,20,0.048432
5,3,20,0.068216
6,3,20,0.047633
7,3,20,0.093474
8,3,20,0.038651
9,3,20,0.046988
10,3,20,0.065378
11,3,20,0.068523
12,3,20,0.047859
13,3,20,0.043898
14,3,20,0.040634
15,3,20,0.047677
16,3,20,0.036259
17,3,20,0.18573
18,3,20,0.086211
19,3,20,0.039036
20,3,20,0.05236
21,3,20,0.058554
22,3,20,0.077159
23,3,20,0.057205
24,3,20,0.10593
1,3,21,0.047619
2,3,21,0.060959
3,3,21,0.1039
4,3,21,0.048062
5,3,21,0.060636
6,3,21,0.04607
7,3,21,0.081954
8,3,21,0.034702
9,3,21,0.040129
10,3,21,0.064213
11,3,21,0.070386
12,3,21,0.048187
13,3,21,0.044752
14,3,21,0.041136
15,3,21,0.04659
16,3,21,0.037539
17,3,21,0.15011
18,3,21,0.08423
19,3,21,0.037117
20,3,21,0.049995
21,3,21,0.058055
22,3,21,0.076851
23,3,21,0.058471
24,3,21,0.10522
1,3,22,0.044604
2,3,22,0.054178
3,3,22,0.10043
4,3,22,0.045836
5,3,22,0.054383
6,3,22,0.046104
7,3,22,0.071393
8,3,22,0.03268
9,3,22,0.034711
10,3,22,0.061747
11,3,22,0.071406
12,3,22,0.050122
13,3,22,0.042888
14,3,22,0.039217
15,3,22,0.045904
16,3,22,0.03662
17,3,22,0.11853
18,3,22,0.088766
19,3,22,0.037449
20,3,22,0.050538
21,3,22,0.067053
22,3,22,0.07328
23,3,22,0.061633
24,3,22,0.10215
1,3,23,0.041668
2,3,23,0.048677
3,3,23,0.093597
4,3,23,0.041378
5,3,23,0.051618
6,3,23,0.043516
7,3,23,0.065783
8,3,23,0.033225
9,3,23,0.031484
10,3,23,0.057399
11,3,23,0.074132
12,3,23,0.051468
13,3,23,0.039572
14,3,23,0.039284
15,3,23,0.045202
16,3,23,0.036032
17,3,23,0.10032
18,3,23,0.085036
19,3,23,0.035784
20,3,23,0.050511
21,3,23,0.073777
22,3,23,0.068004
23,3,23,0.062454
24,3,23,0.096838
1,3,24,0.041189
2,3,24,0.045306
3,3,24,0.09436
4,3,24,0.040164
5,3,24,0.048762
6,3,24,0.039619
7,3,24,0.060951
8,3,24,0.032583
9,3,24,0.028885
10,3,24,0.053565
11,3,24,0.075251
12,3,24,0.050117
13,3,24,0.038691
14,3,24,0.043054
15,3,24,0.042785
16,3,24,0.036167
17,3,24,0.092476
18,3,24,0.083041
19,3,24,0.034459
20,3,24,0.047335
21,3,24,0.075281
22,3,24,0.064174
23,3,24,0.055709
24,3,24,0.089785
1,3,25,0.039554
2,3,25,0.041653
3,3,25,0.089293
4,3,25,0.039469
5,3,25,0.043555
6,3,25,0.038165
7,3,25,0.055329
8,3,25,0.031224
9,3,25,0.027808
10,3,25,0.051199
11,3,25,0.071846
12,3,25,0.047832
13,3,25,0.037573
14,3,25,0.0432
15,3,25,0.0432
16,3,25,0.034046
17,3,25,0.086303
18,3,25,0.082939
19,3,25,0.036324
20,3,25,0.044073
21,3,25,0.063681
22,3,25,0.060219
23,3,25,0.048038
24,3,25,0.081225
1,3,26,0.038592
2,3,26,0.038563
3,3,26,0.081654
4,3,26,0.035685
5,3,26,0.042415
6,3,26,0.036997
7,3,26,0.051639
8,3,26,0.030759
9,3,26,0.02719
10,3,26,0.048886
11,3,26,0.072367
12,3,26,0.046419
13,3,26,0.036476
14,3,26,0.040933
15,3,26,0.042746
16,3,26,0.030517
17,3,26,0.080795
18,3,26,0.084465
19,3,26,0.035443
20,3,26,0.042082
21,3,26,0.048557
22,3,26,0.056297
23,3,26,0.044719
24,3,26,0.072595
1,3,27,0.03573
2,3,27,0.036013
3,3,27,0.080293
4,3,27,0.035058
5,3,27,0.042013
6,3,27,0.037049
7,3,27,0.051167
8,3,27,0.031569
9,3,27,0.026869
10,3,27,0.044501
11,3,27,0.073221
12,3,27,0.04175
13,3,27,0.033322
14,3,27,0.038396
15,3,27,0.03937
16,3,27,0.028008
17,3,27,0.076014
18,3,27,0.083338
19,3,27,0.032523
20,3,27,0.041598
21,3,27,0.041649
22,3,27,0.053522
23,3,27,0.043457
24,3,27,0.064893
1,3,28,0.032551
2,3,28,0.03294
3,3,28,0.073127
4,3,28,0.032017
5,3,28,0.039093
6,3,28,0.033739
7,3,28,0.045877
8,3,28,0.029875
9,3,28,0.026408
10,3,28,0.040921
11,3,28,0.067018
12,3,28,0.040706
13,3,28,0.030103
14,3,28,0.03628
15,3,28,0.036322
16,3,28,0.025409
17,3,28,0.070518
18,3,28,0.081029
19,3,28,0.031861
20,3,28,0.038993
21,3,28,0.041688
22,3,28,0.05133
23,3,28,0.041939
24,3,28,0.057959
1,3,29,0.030777
2,3,29,0.028945
3,3,29,0.066404
4,3,29,0.02992
5,3,29,0.036401
6,3,29,0.031573
7,3,29,0.042866
8,3,29,0.026625
9,3,29,0.023839
10,3,29,0.038021
11,3,29,0.0599
12,3,29,0.038372
13,3,29,0.028094
14,3,29,0.032842
15,3,29,0.038244
16,3,29,0.022137
17,3,29,0.066738
18,3,29,0.079776
19,3,29,0.030926
20,3,29,0.037032
21,3,29,0.038218
22,3,29,0.048691
23,3,29,0.037029
24,3,29,0.051739
1,3,30,0.029518
2,3,30,0.026752
3,3,30,0.06058
4,3,30,0.027643
5,3,30,0.033008
6,3,30,0.03025
7,3,30,0.038972
8,3,30,0.023872
9,3,30,0.021795
10,3,30,0.034687
11,3,30,0.052135
12,3,30,0.036918
13,3,30,0.026224
14,3,30,0.02908
15,3,30,0.0362
16,3,30,0.020351
17,3,30,0.061438
18,3,30,0.070253
19,3,30,0.028153
20,3,30,0.035254
21,3,30,0.032706
22,3,30,0.043918
23,3,30,0.036294
24,3,30,0.046227
1,3,31,0.027689
2,3,31,0.02365
3,3,31,0.051948
4,3,31,0.024612
5,3,31,0.028311
6,3,31,0.028701
7,3,31,0.033549
8,3,31,0.021023
9,3,31,0.019906
10,3,31,0.031588
11,3,31,0.045046
12,3,31,0.034088
13,3,31,0.023849
14,3,31,0.026556
15,3,31,0.0294
16,3,31,0.018286
17,3,31,0.053614
18,3,31,0.065812
19,3,31,0.02589
20,3,31,0.032738
21,3,31,0.029326
22,3,31,0.03948
23,3,31,0.035857
24,3,31,0.041392
1,3,32,0.02298
2,3,32,0.020514
3,3,32,0.04907
4,3,32,0.022195
5,3,32,0.024601
6,3,32,0.027052
7,3,32,0.02953
8,3,32,0.01835
9,3,32,0.017769
10,3,32,0.02753
11,3,32,0.037765
12,3,32,0.033253
13,3,32,0.021211
14,3,32,0.024168
15,3,32,0.022528
16,3,32,0.016569
17,3,32,0.048244
18,3,32,0.061328
19,3,32,0.023969
20,3,32,0.032353
21,3,32,0.026426
22,3,32,0.032582
23,3,32,0.031471
24,3,32,0.037003
1,3,33,0.020294
2,3,33,0.018263
3,3,33,0.044507
4,3,33,0.019826
5,3,33,0.021588
6,3,33,0.023485
7,3,33,0.026535
8,3,33,0.016397
9,3,33,0.015269
10,3,33,0.023573
11,3,33,0.031959
12,3,33,0.030878
13,3,33,0.018552
14,3,33,0.02066
15,3,33,0.018751
16,3,33,0.013989
17,3,33,0.041385
18,3,33,0.051417
19,3,33,0.021928
20,3,33,0.03224
21,3,33,0.023382
22,3,33,0.027058
23,3,33,0.027066
24,3,33,0.03249
1,3,34,0.018618
2,3,34,0.016271
3,3,34,0.037268
4,3,34,0.017663
5,3,34,0.018945
6,3,34,0.019852
7,3,34,0.022954
8,3,34,0.014959
9,3,34,0.013116
10,3,34,0.02072
11,3,34,0.026265
12,3,34,0.027663
13,3,34,0.015956
14,3,34,0.01693
15,3,34,0.015814
16,3,34,0.011843
17,3,34,0.03394
18,3,34,0.042683
19,3,34,0.019193
20,3,34,0.028994
21,3,34,0.019719
22,3,34,0.023421
23,3,34,0.023562
24,3,34,0.02792
1,3,35,0.015465
2,3,35,0.013808
3,3,35,0.030717
4,3,35,0.015218
5,3,35,0.017394
6,3,35,0.016909
7,3,35,0.020324
8,3,35,0.013328
9,3,35,0.011431
10,3,35,0.017899
11,3,35,0.021629
12,3,35,0.024597
13,3,35,0.013837
14,3,35,0.014129
15,3,35,0.01378
16,3,35,0.010268
17,3,35,0.029695
18,3,35,0.034825
19,3,35,0.015755
20,3,35,0.021433
21,3,35,0.018643
22,3,35,0.020215
23,3,35,0.020173
24,3,35,0.023791
